Reference,Value,Footprint,Sheet,Fit
"J3","ESC pads (CURR TX M4 M3 M2 M1 VBAT GND)","MARV_Packages:PadRow_1x08_P2.00mm","power_vbat","populated"
"R53","1k / 1%, CURR series","Resistor_SMD:R_0402_1005Metric","power_vbat","populated"
"C78","100n / 16 V X7R, ADC2 filter","Capacitor_SMD:C_0402_1005Metric","power_vbat","populated"
"R54","1k, ESC telemetry series","Resistor_SMD:R_0402_1005Metric","power_vbat","populated"
"U26","AP63205WU-7","Package_TO_SOT_SMD:TSOT-23-6","power_vbat","populated"
"C73","10u / 50 V X5R 0805 GRM21BR61H106KE43, VIN bulk","Capacitor_SMD:C_0805_2012Metric","power_vbat","populated"
"C74","100n / 50 V X7R 0402, VIN HF bypass","Capacitor_SMD:C_0402_1005Metric","power_vbat","populated"
"R52","100k / 1%, EN to VIN","Resistor_SMD:R_0402_1005Metric","power_vbat","populated"
"L3","4.7u, Isat 6.0 A (30 %), DCR 46 mOhm max (CJIANG FTC404030S4R7MGCA)","MARV_Packages:L_Changjiang_FTC404030S","power_vbat","populated"
"C75","100n / 50 V X7R 0402, bootstrap","Capacitor_SMD:C_0402_1005Metric","power_vbat","populated"
"C76","22u / 25 V X5R 0805 GRM21BR61E226ME44, buck COUT","Capacitor_SMD:C_0805_2012Metric","power_vbat","populated"
"C77","22u / 25 V X5R 0805 GRM21BR61E226ME44, buck COUT","Capacitor_SMD:C_0805_2012Metric","power_vbat","populated"
"C80","22u / 25 V X5R 0805 GRM21BR61E226ME44, buck COUT (3rd: >=44 uF after DC-bias derating, AP63205 EVB guide)","Capacitor_SMD:C_0805_2012Metric","power_vbat","populated"
"R27","100k / 1%, VBAT top","Resistor_SMD:R_0402_1005Metric","power_vbat","populated"
"R28","10k / 1%, VBAT bottom","Resistor_SMD:R_0402_1005Metric","power_vbat","populated"
"C48","100n / 16 V X7R, ADC1","Capacitor_SMD:C_0402_1005Metric","power_vbat","populated"
"U25","TPS2121RUXR","MARV_Packages:Texas_VQFN-HR-12_2x2.5mm_P0.5mm","power_mux","populated"
"C71","100n / 16 V X7R, IN1 bypass at U25","Capacitor_SMD:C_0402_1005Metric","power_mux","populated"
"C72","100n / 16 V X7R, IN2 bypass at U25","Capacitor_SMD:C_0402_1005Metric","power_mux","populated"
"R42","32.4k / 1%, PR1 top (5V_IN)","Resistor_SMD:R_0402_1005Metric","power_mux","populated"
"R43","10k / 1%, PR1 bottom","Resistor_SMD:R_0402_1005Metric","power_mux","populated"
"R44","45.3k / 1%, OV1 top (5V_IN)","Resistor_SMD:R_0402_1005Metric","power_mux","populated"
"R45","10k / 1%, OV1 bottom","Resistor_SMD:R_0402_1005Metric","power_mux","populated"
"R47","10k / 1%, ST pull-up (open drain)","Resistor_SMD:R_0402_1005Metric","power_mux","populated"
"R46","80.6k / 1%, ILM -> 1.49 A","Resistor_SMD:R_0402_1005Metric","power_mux","populated"
"C70","100n / 16 V X7R, SS soft-start","Capacitor_SMD:C_0402_1005Metric","power_mux","populated"
"C8","10u / 10 V X7S 0603","Capacitor_SMD:C_0603_1608Metric","power_3v3","populated"
"C9","10u / 10 V X7S 0603","Capacitor_SMD:C_0603_1608Metric","power_3v3","populated"
"C17","2.2n / 50 V X7R, VIN-PGND HF bypass","Capacitor_SMD:C_0402_1005Metric","power_3v3","populated"
"C19","100u / 6.3 V polymer, ESR <= 40 mOhm (e.g. Panasonic 6TPE100MAZB or KEMET T520/T530 B case)","Capacitor_Tantalum_SMD:CP_EIA-3528-21_Kemet-B","power_3v3","populated"
"U7","TPS62913RPUR","MARV_Packages:Texas_RPU0010A_VQFN-HR-10_2x2mm_P0.5mm","power_3v3","populated"
"R9","6.04k / 1%, S-CONF: 2.2 MHz + triangle SSM, discharge off, no sync","Resistor_SMD:R_0402_1005Metric","power_3v3","populated"
"C13","470n / 16 V X7R 0402, NR/SS soft-start + noise filter (5 ms)","Capacitor_SMD:C_0402_1005Metric","power_3v3","populated"
"L2","2.2u / Isat 5.5 A (30 %), DCR 45 mOhm max (CJIANG FTC303020D2R2MBCA)","MARV_Packages:L_Changjiang_FTC303020D","power_3v3","populated"
"FB1","8.5 ohm @100MHz / 4 mOhm DCR / 5 A (MuRata BLE18PS080SN1 or equiv)","Inductor_SMD:L_0603_1608Metric","power_3v3","populated"
"C10","22u / 10 V X5R 0603 GRM188R61A226ME15, 1st-stage COUT (~40% DC-bias loss at 3.3 V)","Capacitor_SMD:C_0603_1608Metric","power_3v3","populated"
"C11","22u / 10 V X5R 0603 GRM188R61A226ME15, 1st-stage COUT (~40% DC-bias loss at 3.3 V)","Capacitor_SMD:C_0603_1608Metric","power_3v3","populated"
"C12","22u / 10 V X5R 0603 GRM188R61A226ME15, 1st-stage COUT (~40% DC-bias loss at 3.3 V)","Capacitor_SMD:C_0603_1608Metric","power_3v3","populated"
"C23","22u / 10 V X5R 0603 GRM188R61A226ME15, 2nd-stage Cf post-bead (~40% DC-bias loss at 3.3 V)","Capacitor_SMD:C_0603_1608Metric","power_3v3","populated"
"C24","22u / 10 V X5R 0603 GRM188R61A226ME15, 2nd-stage Cf post-bead (~40% DC-bias loss at 3.3 V)","Capacitor_SMD:C_0603_1608Metric","power_3v3","populated"
"R7","10k / 0.1%","Resistor_SMD:R_0402_1005Metric","power_3v3","populated"
"R8","3.16k / 0.1%","Resistor_SMD:R_0402_1005Metric","power_3v3","populated"
"R10","100k","Resistor_SMD:R_0402_1005Metric","power_3v3","populated"
"U12","TPS7A2033PDBVR","Package_TO_SOT_SMD:SOT-23-5","power_3v3","populated"
"C25","1u / 10 V X7R 0402, LDO input","Capacitor_SMD:C_0402_1005Metric","power_3v3","populated"
"C26","1u / 10 V X7R 0402, LDO output, ESR <=100 mOhm","Capacitor_SMD:C_0402_1005Metric","power_3v3","populated"
"U20","RP2354B","MARV_Packages:QFN-80-1EP_10x10mm_P0.4mm_EP3.4x3.4mm","mcu","populated"
"C39","4.7u / 10 V X5R 0402, VREG_VIN","Capacitor_SMD:C_0402_1005Metric","mcu","populated"
"C30","100n / 16 V X7R, IOVDD pin 5","Capacitor_SMD:C_0402_1005Metric","mcu","populated"
"C31","100n / 16 V X7R, IOVDD pin 15","Capacitor_SMD:C_0402_1005Metric","mcu","populated"
"C32","100n / 16 V X7R, IOVDD pin 24","Capacitor_SMD:C_0402_1005Metric","mcu","populated"
"C33","100n / 16 V X7R, IOVDD pin 29","Capacitor_SMD:C_0402_1005Metric","mcu","populated"
"C34","100n / 16 V X7R, IOVDD pin 41","Capacitor_SMD:C_0402_1005Metric","mcu","populated"
"C35","100n / 16 V X7R, IOVDD pin 50","Capacitor_SMD:C_0402_1005Metric","mcu","populated"
"C36","100n / 16 V X7R, IOVDD pin 60","Capacitor_SMD:C_0402_1005Metric","mcu","populated"
"C37","100n / 16 V X7R, IOVDD pin 76","Capacitor_SMD:C_0402_1005Metric","mcu","populated"
"C38","100n / 16 V X7R, pins 68+69","Capacitor_SMD:C_0402_1005Metric","mcu","populated"
"C40","100n / 16 V X7R, ADC_AVDD","Capacitor_SMD:C_0402_1005Metric","mcu","populated"
"R20","33 / 1%, VREG_AVDD filter","Resistor_SMD:R_0402_1005Metric","mcu","populated"
"C41","4.7u / 10 V X5R 0402, VREG_AVDD","Capacitor_SMD:C_0402_1005Metric","mcu","populated"
"L20","3.3u, 0806 AOTA-B201610S3R3","Inductor_SMD:L_Murata_DFE201610P","mcu","populated"
"C42","100n / 16 V X7R, DVDD pin 10","Capacitor_SMD:C_0402_1005Metric","mcu","populated"
"C43","100n / 16 V X7R, DVDD pin 32","Capacitor_SMD:C_0402_1005Metric","mcu","populated"
"C44","100n / 16 V X7R, DVDD pin 51","Capacitor_SMD:C_0402_1005Metric","mcu","populated"
"C45","4.7u / 10 V X5R 0402, DVDD bulk","Capacitor_SMD:C_0402_1005Metric","mcu","populated"
"SW1","RESET (RUN to GND)","Button_Switch_SMD:SW_SPST_B3U-1000P","mcu","populated"
"R24","1k, BOOTSEL strap","Resistor_SMD:R_0402_1005Metric","mcu","populated"
"SW2","BOOTSEL (via R24)","Button_Switch_SMD:SW_SPST_B3U-1000P","mcu","populated"
"Y1","12 MHz TAXM12M4RFBCCT2T, CL 12 pF","Crystal:Crystal_SMD_3225-4Pin_3.2x2.5mm","mcu","populated"
"C46","18p / 50 V C0G","Capacitor_SMD:C_0402_1005Metric","mcu","populated"
"R21","1k / 1%, crystal drive limit","Resistor_SMD:R_0402_1005Metric","mcu","populated"
"C47","18p / 50 V C0G","Capacitor_SMD:C_0402_1005Metric","mcu","populated"
"R25","4.7k, I2C1 SDA pull-up","Resistor_SMD:R_0402_1005Metric","mcu","populated"
"R26","4.7k, I2C1 SCL pull-up","Resistor_SMD:R_0402_1005Metric","mcu","populated"
"J4","USB_C_PROGRAM_POWER","MARV_Packages:USB_C_Receptacle_HRO_TYPE-C-31-M-12","usb_debug","populated"
"C7","1u / 10 V X7R 0402","Capacitor_SMD:C_0402_1005Metric","usb_debug","populated"
"R4","5.1k / 1%","Resistor_SMD:R_0402_1005Metric","usb_debug","populated"
"R5","5.1k / 1%","Resistor_SMD:R_0402_1005Metric","usb_debug","populated"
"U8","USBLC6-2SC6","Package_TO_SOT_SMD:SOT-23-6","usb_debug","populated"
"R23","27 / 1%, USB D- series","Resistor_SMD:R_0402_1005Metric","usb_debug","populated"
"R22","27 / 1%, USB D+ series","Resistor_SMD:R_0402_1005Metric","usb_debug","populated"
"R29","10k / 1%, VBUS top","Resistor_SMD:R_0402_1005Metric","usb_debug","populated"
"R30","15k / 1%, VBUS bottom","Resistor_SMD:R_0402_1005Metric","usb_debug","populated"
"C49","100n / 16 V X7R, ADC0","Capacitor_SMD:C_0402_1005Metric","usb_debug","populated"
"J10","DBG pads (SWCLK SWDIO GND)","MARV_Packages:PadRow_1x03_P2.00mm","usb_debug","populated"
"U21","ICM-45686 6-axis IMU","MARV_Packages:InvenSense_LGA-14_2.5x3mm_P0.5mm_ICM45686","imu","populated"
"C50","100n / 16 V X7R, U21 VDD","Capacitor_SMD:C_0402_1005Metric","imu","populated"
"C51","1u / 10 V X7R 0402, U21 VDD","Capacitor_SMD:C_0402_1005Metric","imu","populated"
"C52","100n / 16 V X7R, U21 VDDIO","Capacitor_SMD:C_0402_1005Metric","imu","populated"
"C53","1u / 10 V X7R 0402, U21 VDDIO","Capacitor_SMD:C_0402_1005Metric","imu","populated"
"R48","10k, IMU_CS pull-up","Resistor_SMD:R_0402_1005Metric","imu","populated"
"TP1","TP SENS_SCK","TestPoint:TestPoint_Pad_1.0x1.0mm","imu","populated"
"TP2","TP SENS_MOSI","TestPoint:TestPoint_Pad_1.0x1.0mm","imu","populated"
"TP3","TP SENS_MISO","TestPoint:TestPoint_Pad_1.0x1.0mm","imu","populated"
"TP4","TP IMU_CS","TestPoint:TestPoint_Pad_1.0x1.0mm","imu","populated"
"TP7","TP IMU_INT1","TestPoint:TestPoint_Pad_1.0x1.0mm","imu","populated"
"TP8","TP IMU_INT2","TestPoint:TestPoint_Pad_1.0x1.0mm","imu","populated"
"U22","BMP581 barometer","MARV_Packages:Bosch_LGA-10_2x2mm_BMP581","baro","populated"
"C54","100n / 16 V X7R, U22 VDD","Capacitor_SMD:C_0402_1005Metric","baro","populated"
"C55","1u / 10 V X7R 0402, U22 VDD","Capacitor_SMD:C_0402_1005Metric","baro","populated"
"C56","100n / 16 V X7R, U22 VDDIO","Capacitor_SMD:C_0402_1005Metric","baro","populated"
"C57","1u / 10 V X7R 0402, U22 VDDIO","Capacitor_SMD:C_0402_1005Metric","baro","populated"
"R50","10k, BARO_CS pull-up","Resistor_SMD:R_0402_1005Metric","baro","populated"
"TP5","TP BARO_CS","TestPoint:TestPoint_Pad_1.0x1.0mm","baro","populated"
"TP9","TP BARO_INT","TestPoint:TestPoint_Pad_1.0x1.0mm","baro","populated"
"U23","ADXL375 high-g accelerometer","MARV_Packages:Analog_LGA-14_3x5mm_P0.8mm_ADXL375","highg","populated"
"C58","100n / 16 V X7R, U23 VS","Capacitor_SMD:C_0402_1005Metric","highg","populated"
"C59","1u / 10 V X7R 0402, U23 VS","Capacitor_SMD:C_0402_1005Metric","highg","populated"
"C60","100n / 16 V X7R, U23 VDD_IO","Capacitor_SMD:C_0402_1005Metric","highg","populated"
"C61","1u / 10 V X7R 0402, U23 VDD_IO","Capacitor_SMD:C_0402_1005Metric","highg","populated"
"R51","10k, HG_ACC_CS pull-up","Resistor_SMD:R_0402_1005Metric","highg","populated"
"TP6","TP HG_ACC_CS","TestPoint:TestPoint_Pad_1.0x1.0mm","highg","populated"
"TP10","TP HG_ACC_INT","TestPoint:TestPoint_Pad_1.0x1.0mm","highg","populated"
"J11","microSD, Molex 104031-0811 push-push","MARV_Packages:microSD_HC_Molex_104031-0811","sd","populated"
"R39","10k, SD_D2 pull-up","Resistor_SMD:R_0402_1005Metric","sd","populated"
"R40","10k, SD_D3 pull-up","Resistor_SMD:R_0402_1005Metric","sd","populated"
"R36","10k, SD_CMD pull-up","Resistor_SMD:R_0402_1005Metric","sd","populated"
"R37","10k, SD_D0 pull-up","Resistor_SMD:R_0402_1005Metric","sd","populated"
"R38","10k, SD_D1 pull-up","Resistor_SMD:R_0402_1005Metric","sd","populated"
"R41","10k, SD_DET pull-up","Resistor_SMD:R_0402_1005Metric","sd","populated"
"C64","100n / 16 V X7R, at the socket","Capacitor_SMD:C_0402_1005Metric","sd","populated"
"C65","10u / 10 V X7R 0603, at the socket","Capacitor_SMD:C_0603_1608Metric","sd","populated"
"C66","47u / 6.3 V X5R 0805, at the socket","Capacitor_SMD:C_0805_2012Metric","sd","populated"
"U24","DNP: W25Q32JVSNIQ, 32 Mbit QSPI NOR or APS6404L-SQN-SN 8 MB PSRAM (optional back-side expansion)","Package_SO:SOIC-8_3.9x4.9mm_P1.27mm","qspi_expansion","DNP"
"C62","100n / 16 V X7R, U24 VCC (fitted; socket is optional)","Capacitor_SMD:C_0402_1005Metric","qspi_expansion","populated"
"C63","1u / 10 V X7R 0402, U24 VCC (fitted; socket is optional)","Capacitor_SMD:C_0402_1005Metric","qspi_expansion","populated"
"R35","10k, FLASH_CS1 pull-up","Resistor_SMD:R_0402_1005Metric","qspi_expansion","populated"
"J6","IO array signal column (innermost)","MARV_Packages:PinHeader_1x14_P2.54mm_Vertical_IORow","io_block","populated"
"J7","IO array power column (5V / 3V3 per row)","MARV_Packages:PinHeader_1x14_P2.54mm_Vertical_IORow","io_block","populated"
"J8","IO array GND column (board edge)","MARV_Packages:PinHeader_1x14_P2.54mm_Vertical_IORow","io_block","populated"
"C20","10u / 10 V X7R 0603","Capacitor_SMD:C_0603_1608Metric","io_block","populated"
"C21","10u / 10 V X7R 0603","Capacitor_SMD:C_0603_1608Metric","io_block","populated"
"C22","10u / 10 V X7R 0603","Capacitor_SMD:C_0603_1608Metric","io_block","populated"
"D20","WS2812C-2020 RGB","MARV_Packages:LED_WS2812B-2020_PLCC4_2.0x2.0mm","io_block","populated"
"C79","100n / 16 V X7R, D20 VDD","Capacitor_SMD:C_0402_1005Metric","io_block","populated"
"R55","100 / 1%, WS2812 data series","Resistor_SMD:R_0402_1005Metric","io_block","populated"
"H1","M3 grommet hole, 4.0 mm NPTH","MARV_Packages:MountingHole_4.0mm_Grommet","io_block","populated"
"H2","M3 grommet hole, 4.0 mm NPTH","MARV_Packages:MountingHole_4.0mm_Grommet","io_block","populated"
"H3","M3 grommet hole, 4.0 mm NPTH","MARV_Packages:MountingHole_4.0mm_Grommet","io_block","populated"
"H4","M3 grommet hole, 4.0 mm NPTH","MARV_Packages:MountingHole_4.0mm_Grommet","io_block","populated"
